NO,stock,name,sector
1,060310,3S,032602
2,095570,AJ네트웍스,147603
3,068400,AJ렌터카,147601
4,006840,AK홀딩스,116409
5,054620,APS홀딩스,116409
6,265520,AP시스템,032902
7,211270,AP위성,032604
8,027410,BGF리테일,074701
9,138930,BNK금융지주,116409
10,001460,BYC,031401
11,032040,C&S자산관리,147509
12,001040,CJ,116409
13,079160,CJ CGV,105901
14,130960,CJ E&M,106002
15,000120,CJ대한통운,084903
16,011150,CJ씨푸드,031007
17,035760,CJ오쇼핑,106002
18,097950,CJ제일제당,031007
19,051500,CJ프레시웨이,074603
20,037560,CJ헬로비전,106002
21,058820,CMG제약,032102
22,023460,CNH,116402
23,065770,CS,032604
24,083660,CSA 코스믹,032202
25,000590,CS홀딩스,116409
26,139130,DGB금융지주,116409
27,068790,DMS,032902
28,004840,DRB동일,116409
29,241520,DSC인베스트먼트,116402
30,155660,DSR,032402
31,069730,DSR제강,032401
32,017940,E1,074607
33,037370,EG,074607
34,079190,EMW,032604
35,007700,F&F,031401
36,130500,GH신소재,031309
37,114090,GKL,189102
38,032860,GMR 머티리얼즈,053803
39,900290,GRT,116409
40,078930,GS,116409
41,083450,GST,032902
42,006360,GS건설,064101
43,001250,GS글로벌,074608
44,007070,GS리테일,074701
45,028150,GS홈쇼핑,106002
46,078150,HB테크놀러지,032902
47,036640,HRS,032002
48,225430,IBKS제3호스팩,116601
49,254120,IBKS제5호스팩,116601
50,264850,IBKS제6호스팩,116601
51,252500,IBKS지엠비스팩,116601
52,095340,ISC,032602
53,099520,ITX엠투엠,032605
54,175330,JB금융지주,116409
55,234080,JW생명과학,032102
56,067290,JW신약,032102
57,001060,JW중외제약,032102
58,096760,JW홀딩스,116409
59,035900,JYP Ent.,105902
60,105560,KB금융,116409
61,024120,KB오토시스,033003
62,021320,KCC건설,064101
63,036670,KCI,032004
64,009440,KC그린홀딩스,116409
65,112190,KC산업,032303
66,119650,KC코트렐,032901
67,044180,KD건설,064101
68,092220,KEC,032601
69,151860,KG ETS,053802
70,109070,KGP,031702
71,046440,KG모빌리언스,105802
72,035600,KG이니시스,105802
73,001390,KG케미칼,032001
74,060720,KH바텍,032602
75,001940,KISCO홀딩스,116409
76,083470,KJ프리텍,032202
77,122450,KMH,106002
78,052900,KMH하이텍,032202
79,058400,KNN,106002
80,083420,KPX그린케미칼,032004
81,114450,KPX생명과학,032101
82,025000,KPX케미칼,032001
83,092230,KPX홀딩스,116409
84,000040,KR모터스,033109
85,044450,KSS해운,085001
86,030210,KTB투자증권,116601
87,036030,KTH,106102
88,058850,KTcs,106309
89,060370,KT서브마린,064203
90,093050,LF,031401
91,003550,LG,116409
92,034220,LG디스플레이,032602
93,001120,LG상사,074601
94,051900,LG생활건강,032004
95,032640,LG유플러스,106102
96,011070,LG이노텍,032602
97,066570,LG전자,032604
98,108670,LG하우시스,032202
99,051910,LG화학,032001
100,079550,LIG넥스원,032502
101,006260,LS,116409
102,000680,LS네트웍스,074608
103,010120,LS산전,032801
104,229640,LS전선아시아,116409
105,086960,MDS테크,105802
106,023150,MH에탄올,031101
107,065150,MP그룹,074603
108,219550,MP한강,074604
109,035420,NAVER,106301
110,160550,NEW,105901
111,104200,NHN벅스,106309
112,181710,NHN엔터테인먼트,105802
113,060250,NHN한국사이버결제,106309
114,005940,NH투자증권,116601
115,034310,NICE,116409
116,030190,NICE평가정보,106309
117,008260,NI스틸,032401
118,010060,OCI,032001
119,024940,PN풍년,032509
120,091340,S&K폴리텍,032602
121,100840,S&TC,032901
122,064960,S&T모티브,033003
123,003570,S&T중공업,033003
124,036530,S&T홀딩스,116409
125,010950,S-Oil,031902
126,019550,SBI인베스트먼트,116402
127,950110,SBI핀테크솔루션즈,105802
128,034120,SBS,106002
129,101060,SBS미디어홀딩스,116409
130,046140,SBS콘텐츠허브,105901
131,036120,SCI평가정보,147509
132,099220,SDN,074605
133,036540,SFA반도체,032601
134,040610,SG&G,033003
135,049470,SGA,105802
136,184230,SGA솔루션즈,105802
137,232290,SGA시스템즈,105802
138,224880,SGA임베디드,105802
139,004060,SG세계물산,074608
140,001380,SG충방,033003
141,002360,SH에너지화학,032001
142,009160,SIMPAC,032902
143,090730,SIMPAC Metal,032401
144,034730,SK,116409
145,207930,SK1호스팩,116601
146,232330,SK3호스팩,116601
147,011790,SKC,032004
148,057500,SKC 솔믹스,032602
149,178920,SKC코오롱PI,032202
150,018670,SK가스,074607
151,001740,SK네트웍스,074607
152,210980,SK디앤디,126801
153,036490,SK머티리얼즈,032001
154,052260,SK바이오랜드,032004
155,096770,SK이노베이션,116409
156,001510,SK증권,116601
157,006120,SK케미칼,032005
158,017670,SK텔레콤,106102
159,000660,SK하이닉스,032601
160,048550,SM C&C,105901
161,005610,SPC삼립,031007
162,011810,STX,074608
163,077970,STX엔진,032901
164,071970,STX중공업,032901
165,002710,TCC동양,032401
166,089230,THE E&M,106309
167,032540,TJ미디어,032605
168,048770,TPC,032901
169,024070,WISCOM,032202
170,052300,W홀딩컴퍼니,085209
171,037270,YG PLUS,137103
172,040300,YTN,105901
173,051390,YW,074608
174,052220,iMBC,106301
175,079940,가비아,105802
176,078890,가온미디어,032604
177,000500,가온전선,032803
178,192410,감마누,032604
179,024840,갑을메탈,032402
180,000860,강남제비스코,032004
181,217730,강스템바이오텍,032101
182,035250,강원랜드,189102
183,011420,갤럭시아에스엠,189101
184,094480,갤럭시아컴즈,105802
185,063080,게임빌,116409
186,039240,경남스틸,032401
187,053950,경남제약,032102
188,002100,경농,032003
189,009450,경동나비엔,032805
190,267290,경동도시가스,043502
191,012320,경동인베스트,116409
192,011040,경동제약,032102
193,000050,경방,031301
194,214390,경보제약,032101
195,012610,경인양행,032001
196,009140,경인전자,032602
197,024910,경창산업,033003
198,013580,계룡건설산업,064102
199,012200,계양전기,032901
200,004200,고려개발,064102
201,089890,고려반도체,032902
202,002140,고려산업,031006
203,198440,고려시멘트,032303
204,049720,고려신용정보,147509
205,010130,고려아연,032402
206,002240,고려제강,032401
207,014570,고려제약,032102
208,098460,고영,032902
209,038530,골드퍼시픽,074604
210,206660,골든브릿지제2호스팩,116601
211,219580,골든브릿지제3호스팩,116601
212,227950,골든브릿지제4호스팩,116601
213,001290,골든브릿지증권,116601
214,900280,골든센츄리,116409
215,215000,골프존,105802
216,121440,골프존뉴딘,116409
217,076340,관악산업,064201
218,009290,광동제약,032102
219,014200,광림,033001
220,017040,광명전기,032801
221,017900,광전자,032601
222,037710,광주신세계,074701
223,192530,광주은행,116401
224,026910,광진실업,032401
225,090150,광진윈텍,033003
226,223040,교보5호스팩,116601
227,267320,교보7호스팩,116601
228,242040,교보비엔케이스팩,116601
229,030610,교보증권,116601
230,223220,구름컴퍼니,105802
231,053270,구영테크,033003
232,007690,국도화학,032001
233,005320,국동,074604
234,001140,국보,084903
235,066620,국보디자인,064204
236,043650,국순당,031101
237,006050,국영지앤엠,032301
238,060480,국일신동,032402
239,078130,국일제지,031709
240,002720,국제약품,032102
241,243870,굿센,106201
242,019010,그랜드백화점,074701
243,186230,그린플러스,032402
244,014530,극동유화,031902
245,272420,극동자동화,064203
246,900070,글로벌에스엠,116409
247,019660,글로본,074608
248,014280,금강공업,032401
249,053260,금강철강,032401
250,008870,금비,032301
251,001570,금양,032001
252,002990,금호산업,064101
253,011780,금호석유화학,032001
254,214330,금호에이치티,033003
255,001210,금호전기,032804
256,073240,금호타이어,032201
257,036190,금화피에스시,064203
258,049080,기가레인,032902
259,035460,기산텔레콤,032604
260,092440,기신정기,032902
261,000270,기아자동차,033001
262,024110,기업은행,116401
263,013700,까뮤이앤씨,064101
264,004540,깨끗한나라,031701
265,187790,나노,032001
266,214610,나노바이오시스,032701
267,151910,나노스,032703
268,121600,나노신소재,032004
269,039860,나노엔텍,032701
270,091970,나노캠텍,032202
271,244880,나눔테크,032701
272,051490,나라엠앤디,032902
273,007460,나라케이아이씨,032509
274,190510,나무가,032602
275,167380,나무기술,105802
276,089600,나스미디어,137103
277,138610,나이벡,032103
278,130580,나이스디앤비,147509
279,036800,나이스정보통신,106102
280,001260,남광토건,064102
281,008350,남선알미늄,032402
282,004270,남성,074607
283,003920,남양유업,031005
284,002070,남영비비안,031401
285,025860,남해화학,032003
286,091590,남화토건,064101
287,168330,내츄럴엔도텍,137001
288,072770,네오디안테크놀로지,106201
289,212560,네오오토,033003
290,095660,네오위즈,105802
291,042420,네오위즈홀딩스,116409
292,085910,네오티스,033003
293,092730,네오팜,032004
294,101400,네오피델리티,032601
295,153460,네이블커뮤니케이션즈,105802
296,007390,네이처셀,031102
297,086220,네추럴FNP,031007
298,033640,네패스,032601
299,087730,네패스신소재,032002
300,005720,넥센,116409
301,002350,넥센타이어,032201
302,073070,넥센테크,033003
303,089140,넥스턴,032902
304,065170,넥스트BT,074603
305,139670,넥스트리밍,105802
306,051980,넥스트바이오홀딩스,032604
307,137940,넥스트아이,032702
308,092600,넥스트칩,032601
309,041140,넥슨지티,105802
310,217270,넵튠,105802
311,225570,넷게임즈,105802
312,251270,넷마블게임즈,105802
313,090350,노루페인트,032004
314,000320,노루홀딩스,116409
315,229500,노브메타파마,137001
316,006280,녹십자,032102
317,144510,녹십자랩셀,137309
318,031390,녹십자셀,032101
319,142280,녹십자엠에스,032103
320,005250,녹십자홀딩스,137105
321,004370,농심,031007
322,072710,농심홀딩스,116409
323,054050,농우바이오,010101
324,040160,누리텔레콤,105802
325,069140,누리플랜,032501
326,126870,뉴로스,032901
327,060260,뉴보텍,032202
328,012340,뉴인텍,032602
329,222040,뉴트리바이오텍,031007
330,144960,뉴파워프라즈마,032902
331,900100,뉴프라이드,074502
332,085670,뉴프렉스,032602
333,053290,능률교육,105801
334,222810,닉스테크,105802
335,119860,다나와,105802
336,064260,다날,105802
337,204690,다린,032202
338,093640,다믈멀티미디어,032601
339,039560,다산네트웍스,032604
340,023590,다우기술,106301
341,032190,다우데이타,074605
342,020120,다우인큐브,106201
343,068240,다원시스,032801
344,271850,다이오진,137001
345,015590,대경기계기술,032901
346,019680,대교,168501
347,006370,대구백화점,074701
348,004130,대덕GDS,032602
349,008060,대덕전자,032602
350,178600,대동고려삼,031007
351,000490,대동공업,032902
352,020400,대동금속,032403
353,008830,대동기어,032902
354,048470,대동스틸,032401
355,008110,대동전자,032604
356,004780,대륙제관,032509
357,005750,대림비앤코,032302
358,000210,대림산업,064102
359,004440,대림씨엔에스,032303
360,017650,대림제지,031709
361,006570,대림통상,032509
362,007720,대명코퍼레이션,074608
363,078140,대봉엘에스,032102
364,001680,대상,031007
365,084690,대상홀딩스,116409
366,036480,대성미생물,032102
367,128820,대성산업,074707
368,117580,대성에너지,043502
369,025440,대성엘텍,032605
370,027830,대성창투,116402
371,104040,대성파인텍,033003
372,005620,대성합동지주,137105
373,016710,대성홀딩스,137105
374,262830,대신밸런스제4호스팩,116601
375,020180,대신정보통신,106201
376,003540,대신증권,116601
377,045390,대아티아이,105802
378,009190,대양금속,032401
379,108380,대양전기공업,033101
380,006580,대양제지,031701
381,014160,대영포장,031702
382,047040,대우건설,064101
383,009320,대우부품,033003
384,215580,대우스팩3호,116601
385,042660,대우조선해양,033101
386,003090,대웅,116409
387,069620,대웅제약,032102
388,000430,대원강업,033003
389,048910,대원미디어,105901
390,005710,대원산업,033003
391,006340,대원전선,032803
392,003220,대원제약,032102
393,024890,대원화성,032202
394,002880,대유에이텍,033003
395,071460,대유위니아,032805
396,000300,대유플러스,033003
397,120240,대정화금,032001
398,003310,대주산업,031008
399,114920,대주이엔티,032401
400,078600,대주전자재료,032602
401,065690,대진디엠피,032201
402,012800,대창,032402
403,015230,대창단조,033003
404,096350,대창솔루션,032501
405,140520,대창스틸,032401
406,131220,대한과학,074605
407,010170,대한광통신,032803
408,054670,대한뉴팜,032102
409,001070,대한방직,031302
410,023910,대한약품,032102
411,006650,대한유화,032001
412,001440,대한전선,032803
413,084010,대한제강,032401
414,001790,대한제당,031006
415,001130,대한제분,031006
416,003490,대한항공,085101
417,005880,대한해운,085001
418,003830,대한화섬,032005
419,016090,대현,031401
420,069460,대호에이엘,032402
421,021040,대호피앤씨,032401
422,067080,대화제약,032102
423,192080,더블유게임즈,105802
424,012510,더존비즈온,106201
425,213420,덕산네오룩스,032602
426,077360,덕산하이메탈,116409
427,004830,덕성,032202
428,090410,덕신하우징,032501
429,024900,덕양산업,033003
430,194480,데브시스터즈,105802
431,199150,데이터스트림즈,105802
432,183410,데카시스템,032702
433,017680,데코앤이,031401
434,206560,덱스터,105901
435,145720,덴티움,032701
436,008000,도레이케미칼,032005
437,067990,도이치모터스,074501
438,002150,도화엔지니어링,137201
439,100130,동국S&C,032501
440,005160,동국산업,032401
441,001620,동국실업,033003
442,075970,동국알앤에스,032309
443,001230,동국제강,032401
444,086450,동국제약,032102
445,023450,동남합성,032001
446,004140,동방,084903
447,099410,동방선기,033101
448,007590,동방아그로,032003
449,012030,동부,106201
450,005960,동부건설,064102
451,045890,동부라이텍,032804
452,226440,동부스팩3호,116601
453,230490,동부제4호스팩,116601
454,016380,동부제철,032401
455,016610,동부증권,116601
456,000990,동부하이텍,032601
457,005830,동부화재해상보험,116501
458,083370,동북아12호선박투자,147601
459,083380,동북아13호선박투자,147601
460,026960,동서,074603
461,002210,동성제약,032102
462,102260,동성코퍼레이션,137105
463,033500,동성화인텍,032001
464,005190,동성화학,032001
465,025950,동신건설,064102
466,000640,동아쏘시오홀딩스,116409
467,058730,동아에스텍,032501
468,170900,동아에스티,032102
469,088130,동아엘텍,032902
470,028100,동아지질,064201
471,007340,동아타이어공업,032201
472,041930,동아화성,032201
473,001520,동양,032303
474,084670,동양고속,084902
475,030790,동양네트웍스,106201
476,002900,동양물산기업,032902
477,082640,동양생명,116501
478,060380,동양에스텍,032401
479,079960,동양이엔피,032801
480,008970,동양철관,032401
481,228340,동양파일,032303
482,104460,동양피엔에프,032901
483,088910,동우팜투테이블,031001
484,094170,동운아나텍,032601
485,003580,동원,020702
486,049770,동원F&B,031007
487,013120,동원개발,064101
488,018500,동원금속,033003
489,006040,동원산업,010301
490,030720,동원수산,010301
491,014820,동원시스템즈,032202
492,163560,동일고무벨트,032201
493,109860,동일금속,032403
494,032960,동일기연,032602
495,001530,동일방직,031301
496,004890,동일산업,032401
497,002690,동일제강,032401
498,023790,동일철강,032401
499,005290,동진쎄미켐,032001
500,025900,동화기업,031602
501,000020,동화약품,032102
502,000150,두산,137105
503,011160,두산건설,064101
504,241560,두산밥캣,116409
505,082740,두산엔진,032901
506,042670,두산인프라코어,032902
507,034020,두산중공업,032901
508,016740,두올,033003
509,078590,두올산업,033003
510,176750,듀켐바이오,032102
511,030350,드래곤플라이,105802
512,203650,드림시큐리티,105802
513,220110,드림티엔터테인먼트,137309
514,073190,디비케이,033201
515,066670,디스플레이텍,032602
516,024090,디씨엠,032401
517,003160,디아이,032702
518,092200,디아이씨,033003
519,214680,디알텍,032701
520,109740,디에스케이,032902
521,090710,디에스티로봇,032902
522,131030,디에이치피코리아,032102
523,196490,디에이테크놀로지,032902
524,066900,디에이피,032602
525,127120,디엔에이링크,137001
526,092070,디엔에프,032004
527,101000,디엠씨,032902
528,134580,디엠티,032604
529,039840,디오,032701
530,013570,디와이,116409
531,210540,디와이파워,032902
532,079810,디이엔티,032902
533,113810,디젠스,033003
534,043360,디지아이,032603
535,197140,디지캡,105802
536,106520,디지탈옵틱,032703
537,068930,디지털대성,168505
538,033130,디지틀조선,106301
539,033310,디케이디앤아이,032509
540,105740,디케이락,032901
541,187220,디티앤씨,137209
542,026890,디피씨,032801
543,189700,디피앤케이,031401
544,131180,딜리,032603
545,042510,라온시큐어,105802
546,232680,라온테크,032902
547,050120,라이브플렉스,074604
548,171120,라이온켐텍,032004
549,069540,라이트론,032604
550,115390,락앤락,032202
551,200350,래몽래인,105901
552,171010,램테크놀러지,032001
553,084650,랩지노믹스,137001
554,092590,럭스피아,032601
555,141080,레고켐바이오,137001
556,060300,레드로버,105901
557,038390,레드캡투어,147502
558,228850,레이언스,032701
559,047440,레이젠,032602
560,238120,로고스바이오,032703
561,090360,로보스타,032902
562,238500,로보쓰리,137309
563,900260,로스웰,116409
564,016170,로엔,031802
565,067730,로지시스,106201
566,071280,로체시스템즈,032801
567,032350,롯데관광개발,147502
568,000400,롯데손해보험,116501
569,023530,롯데쇼핑,074701
570,004000,롯데정밀화학,032001
571,004990,롯데제과,031007
572,005300,롯데칠성음료,031102
573,011170,롯데케미칼,032001
574,002270,롯데푸드,031005
575,071840,롯데하이마트,074703
576,038060,루멘스,032601
577,082800,루미마이크로,032601
578,162120,루켄테크놀러지스,032902
579,085370,루트로닉,032701
580,060240,룽투코리아,105802
581,042940,르네코,064203
582,058470,리노공업,032602
583,039980,리노스,074704
584,016100,리더스코스메틱,032004
585,197210,리드,032902
586,012700,리드코프,074607
587,038340,리젠,032802
588,131100,리켐,032001
589,042500,링네트,106201
590,219420,링크제니시스,105802
591,027740,마니커,031001
592,098120,마이크로컨텍솔,032602
593,147760,마이크로프랜드,032702
594,035480,마제스타,189102
595,038290,마크로젠,137309
596,204320,만도,033003
597,001080,만호제강,032401
598,267980,매일유업,031005
599,005990,매일홀딩스,116409
600,127160,매직마이크로,032602
601,093520,매커스,074605
602,141070,맥스로텍,032902
603,088980,맥쿼리인프라,116402
604,094800,맵스리얼티1,116402
605,067280,멀티캠퍼스,168506
606,072870,메가스터디,105801
607,215200,메가스터디교육,168505
608,133750,메가엠디,168505
609,200580,메디쎄이,032701
610,041920,메디아나,032701
611,233250,메디안디노스틱,032103
612,236340,메디젠휴먼케어,137001
613,086900,메디톡스,032101
614,078160,메디포스트,032101
615,065650,메디프론,074605
616,015540,메디플란트,147509
617,138040,메리츠금융지주,116409
618,008560,메리츠종금증권,116601
619,000060,메리츠화재,116501
620,021880,메이슨캐피탈,116409
621,140410,메지온,137001
622,059210,메타바이오메드,032103
623,058110,멕아이씨에스,032701
624,096640,멜파스,032602
625,017180,명문제약,032102
626,012690,모나리자,031709
627,005360,모나미,074604
628,149940,모다,032604
629,080420,모다이노칩,032602
630,080160,모두투어,147502
631,204210,모두투어리츠,126801
632,100030,모바일리더,105802
633,087260,모바일어플라이언스,105802
634,101330,모베이스,032604
635,250060,모비스,106201
636,033200,모아텍,032602
637,009680,모토닉,033003
638,006920,모헨즈,032303
639,009580,무림P&P,031701
640,001810,무림SP,031701
641,009200,무림페이퍼,031701
642,033920,무학,031101
643,008420,문배철강,032401
644,161570,미동앤씨네마,032605
645,095500,미래나노텍,032202
646,025560,미래산업,032702
647,007120,미래아이앤지,106201
648,006800,미래에셋대우,116601
649,265480,미래에셋대우스팩1호,116601
650,085620,미래에셋생명,116501
651,215750,미래에셋제3호스팩,116601
652,239340,미래에셋제5호스팩,116601
653,233190,미래자원엠엘,031008
654,049950,미래컴퍼니,032902
655,213090,미래테크놀로지,105802
656,207760,미스터블루,106309
657,225850,미애부,074604
658,002840,미원상사,032004
659,268280,미원에스씨,032001
660,107590,미원홀딩스,032001
661,134380,미원화학,032004
662,003650,미창석유공업,031902
663,059090,미코,032601
664,201490,미투온,105802
665,214180,민앤지,106309
666,155900,바다로19호,147601
667,206640,바디텍메드,032103
668,018700,바른손,095601
669,035620,바른손이앤에이,105802
670,064520,바른전자,032601
671,029480,바른테크놀로지 ,032604
672,053030,바이넥스,032102
673,084990,바이로메드,137001
674,064550,바이오니아,032103
675,208710,바이오로그디바이스,032602
676,142760,바이오리더스,137001
677,065940,바이오빌,032001
678,038460,바이오스마트,032602
679,217950,바이오씨앤디,137001
680,216400,바이오코아,137001
681,086040,바이오톡스텍,137001
682,199290,바이오프로테크,032701
683,032980,바이온,074603
684,222160,바이옵트로,032702
685,043150,바텍,032701
686,003610,방림,031302
687,001340,백광산업,032001
688,014580,백광소재,032303
689,046310,백금T&A,032604
690,035150,백산,032202
691,036620,버추얼텍,074607
692,002410,범양건영,064101
693,177350,베셀,032902
694,096300,베트남개발1,116402
695,007210,벽산,032309
696,225530,보광산업,020701
697,250000,보라티알,074603
698,002760,보락,032004
699,014100,보령메디앙스,032004
700,003850,보령제약,032102
701,006910,보성파워텍,032501
702,000890,보해양조,031101
703,242420,본느,032004
704,206950,볼빅,033303
705,003000,부광약품,032102
706,001270,부국증권,116601
707,026940,부국철강,032401
708,014470,부방,116409
709,015350,부산도시가스,043502
710,011390,부산산업,032303
711,005030,부산주공,033003
712,008470,부스타,032501
713,100120,뷰웍스,032701
714,066980,브레인콘텐츠,106309
715,064480,브리지텍,105802
716,251630,브이원텍,032902
717,033560,블루콤,032605
718,126340,비나텍,032602
719,121800,비덴트,032604
720,148140,비디아이,032902
721,100220,비상교육,105801
722,200780,비씨월드제약,032102
723,141000,비아트론,032902
724,090460,비에이치,032602
725,083650,비에이치아이,032901
726,215050,비엔디생활건강,032004
727,086670,비엠티,032901
728,082920,비츠로셀,032802
729,054220,비츠로시스,032801
730,042370,비츠로테크,116409
731,032850,비트컴퓨터,105802
732,148780,비플라이소프트,105802
733,093190,빅솔론,032603
734,065450,빅텍,032702
735,210120,빅텐츠,105901
736,005180,빙그레,031005
737,072950,빛샘전자,032602
738,266170,뿌리깊은나무들,105901
739,143240,사람인에이치알,106301
740,003960,사조대림,031002
741,008040,사조동아원,031006
742,007160,사조산업,010301
743,014710,사조씨푸드,031002
744,006090,사조오양,031002
745,079660,사조해표,031007
746,123260,사파이어테크놀로지,032601
747,100090,삼강엠앤티,032401
748,005090,삼광글라스,032301
749,122350,삼기오토모티브,033003
750,014970,삼륭물산,031702
751,018310,삼목에스폼,032501
752,053700,삼보모터스,033003
753,009620,삼보산업,032402
754,023600,삼보판지,031701
755,111870,삼본정밀전자,032605
756,001470,삼부토건,064102
757,006400,삼성SDI,032802
758,006660,삼성공조,033003
759,028260,삼성물산,074607
760,207940,삼성바이오로직스,032101
761,032830,삼성생명,116501
762,018260,삼성에스디에스,106201
763,028050,삼성엔지니어링,137201
764,009150,삼성전기,032602
765,005930,삼성전자,032604
766,001360,삼성제약,032102
767,010140,삼성중공업,033101
768,016360,삼성증권,116601
769,068290,삼성출판사,105801
770,029780,삼성카드,116409
771,000810,삼성화재해상보험,116501
772,006110,삼아알미늄,032402
773,009300,삼아제약,032102
774,145990,삼양사,031007
775,003230,삼양식품,031007
776,225190,삼양옵틱스,032703
777,002170,삼양통상,031501
778,000070,삼양홀딩스,116409
779,002810,삼영무역,074607
780,054540,삼영엠텍,032501
781,065570,삼영이엔씨,032604
782,005680,삼영전자공업,032602
783,003720,삼영화학공업,032202
784,082660,삼우엠스,032604
785,023000,삼원강재,033003
786,073640,삼원테크,032509
787,004380,삼익THK,032901
788,002450,삼익악기,033302
789,032280,삼일,084903
790,002290,삼일기업공사,064101
791,000520,삼일제약,032102
792,009770,삼정펄프,031701
793,037460,삼지전자,032604
794,032750,삼진,032604
795,054090,삼진엘앤디,032602
796,005500,삼진제약,032102
797,000250,삼천당제약,032102
798,004690,삼천리,043502
799,024950,삼천리자전거,074604
800,038500,삼표시멘트,032309
801,017480,삼현철강,032401
802,001880,삼호,064101
803,010960,삼호개발,064201
804,046390,삼화네트웍스,105901
805,004450,삼화왕관,032509
806,009470,삼화전기,032602
807,011230,삼화전자공업,032605
808,001820,삼화콘덴서공업,032602
809,000390,삼화페인트공업,032004
810,027580,상보,032602
811,041650,상신브레이크,033003
812,091580,상신이디피,032802
813,089980,상아프론테크,032202
814,042600,새로닉스,032602
815,075180,새론오토모티브,033003
816,007540,샘표,116409
817,248170,샘표식품,031007
818,038070,서린바이오,074607
819,006730,서부T&D,074608
820,079650,서산,032303
821,100660,서암기계공업,032901
822,007860,서연,116409
823,200880,서연이화,033003
824,012860,서연전자,033003
825,019770,서연탑메탈,032902
826,017390,서울도시가스,043502
827,043710,서울리거,033309
828,046890,서울반도체,032601
829,004410,서울식품공업,031007
830,063170,서울옥션,074601
831,027040,서울전자통신,032801
832,018680,서울제약,032102
833,021050,서원,032403
834,093920,서원인텍,032604
835,189860,서전기전,032801
836,178320,서진시스템,032604
837,122690,서진오토모티브,033003
838,140070,서플러스글로벌,074605
839,011370,서한,064101
840,065710,서호전기,032801
841,033790,서화정보통신,032604
842,008490,서흥,032004
843,035890,서희건설,064101
844,003100,선광,085209
845,123420,선데이토즈,105802
846,007610,선도전기,032801
847,067370,선바이오,032102
848,136490,선진,031008
849,002820,선창산업,031602
850,014620,성광벤드,032401
851,037350,성도이엔지,137201
852,014910,성문전자,032602
853,003080,성보화학,032003
854,004980,성신양회,032303
855,011300,성안,031302
856,081580,성우전자,032604
857,045300,성우테크론,032602
858,015750,성우하이텍,033003
859,005980,성지건설,064102
860,000180,성창기업지주,137105
861,080470,성창오토텍,033003
862,043260,성호전자,032602
863,199870,세기리텍,032402
864,002420,세기상사,105901
865,053060,세동,033003
866,017510,세명전기,032509
867,214310,세미콘라이트,032601
868,004360,세방,084903
869,004490,세방전지,032802
870,011560,세보엠이씨,064202
871,110660,세신버팔로,032509
872,001430,세아베스틸,032401
873,003030,세아제강,032401
874,019440,세아특수강,032401
875,058650,세아홀딩스,116409
876,013000,세우글로벌,074607
877,100700,세운메디칼,032103
878,234100,세원,033003
879,024830,세원물산,033003
880,091090,세원셀론텍,032501
881,021820,세원정공,033003
882,067830,세이브존I&C,074701
883,033530,세종공업,033003
884,135270,세종머티리얼즈,032402
885,036630,세종텔레콤,106102
886,039310,세중,147502
887,075580,세진중공업,033101
888,067770,세진티에스,032602
889,053450,세코닉스,032703
890,027970,세하,031701
891,145210,세화아이엠씨,032902
892,085980,세화피앤씨,032004
893,049180,셀루메드,032101
894,108860,셀바스AI,105802
895,208370,셀바스헬스케어,032701
896,068270,셀트리온,032101
897,068760,셀트리온제약,032102
898,091990,셀트리온헬스케어,074607
899,053110,소리바다,106301
900,032680,소프트센,074605
901,210610,소프트캠프,105802
902,066910,손오공,033304
903,043100,솔고바이오,032701
904,154040,솔루에타,032602
905,035610,솔본,137105
906,036830,솔브레인,032004
907,230980,솔트웍스,105802
908,004430,송원산업,032001
909,086980,쇼박스,105901
910,050960,수산아이앤티,105802
911,017550,수산중공업,032902
912,084180,수성,032901
913,253840,수젠텍,032103
914,185190,수프로,074602
915,236200,슈프리마,032604
916,094840,슈프리마에이치큐,116409
917,192440,슈피겐코리아,033309
918,099440,스맥,032902
919,159910,스킨앤스킨,032001
920,115570,스타플렉스,032202
921,258540,스템랩,137001
922,087220,스틸플라워,032401
923,028040,스페로 글로벌,032309
924,245030,스페이스솔루션,105802
925,013810,스페코,032902
926,039670,스포츠서울,105801
927,049830,승일,032509
928,020710,시공테크,137302
929,033170,시그네틱스,032601
930,246830,시냅스엠,106301
931,025320,시노펙스,032602
932,131090,시큐브,105802
933,232830,시큐센,105802
934,016590,신대양제지,031702
935,029530,신도리코,032603
936,004970,신라교역,010301
937,001000,신라섬유,126801
938,025870,신라에스지,031002
939,215600,신라젠,137001
940,065350,신성델타테크,032805
941,011930,신성이엔지,032601
942,005390,신성통상,074607
943,004170,신세계,074701
944,035510,신세계I&C,106201
945,034300,신세계건설,064101
946,031430,신세계인터내셔날,074704
947,031440,신세계푸드,095601
948,006880,신송홀딩스,116409
949,056000,신스타임즈,105802
950,002800,신신제약,032102
951,225590,신영스팩2호,116601
952,263770,신영스팩3호,116601
953,005800,신영와코루,031401
954,001720,신영증권,116601
955,009270,신원,031401
956,017000,신원종합개발,064101
957,002700,신일산업,074605
958,012790,신일제약,032102
959,138070,신진에스엠,032509
960,019170,신풍제약,032102
961,002870,신풍제지,031701
962,005450,신한,064101
963,257730,신한제3호스팩,116601
964,055550,신한지주,116409
965,001770,신화실업,032401
966,056700,신화인터텍,032202
967,187270,신화콘텍,032801
968,004080,신흥,074605
969,108320,실리콘웍스,032601
970,222800,심텍,032602
971,036710,심텍홀딩스,116409
972,160980,싸이맥스,032902
973,102280,쌍방울,031401
974,047400,쌍용머티리얼,032302
975,003410,쌍용양회공업,032303
976,003620,쌍용자동차,033001
977,010280,쌍용정보통신,106201
978,004770,써니전자,032601
979,051170,썬코어,032901
980,217320,썬테크,032801
981,122800,썬텍,032403
982,208640,썸에이지,105802
983,222420,쎄노텍,032309
984,037760,쎄니트,032401
985,136510,쎄미시스코,032902
986,099320,쎄트렉아이,033103
987,049960,쎌바이오텍,032101
988,050890,쏠리드,032604
989,099830,씨그널엔터테인먼트그룹,105901
990,066790,씨씨에스,106002
991,222080,씨아이에스,032902
992,004920,씨아이테크,033309
993,103660,씨앗,032004
994,245450,씨앤에스링크,032604
995,112610,씨에스윈드,032501
996,115530,씨엔플러스,032602
997,225330,씨엠에스에듀,168505
998,115480,씨유메디칼,032701
999,189330,씨이랩,106201
1000,096530,씨젠,032103
1001,900120,씨케이에이치,116409
1002,235090,씨케이컴퍼니,032902
1003,101240,씨큐브,032001
1004,047920,씨트리,137001
1005,189540,씨티네트웍스,032604
1006,060590,씨티씨바이오,074604
1007,036170,씨티엘,032601
1008,013990,아가방컴퍼니,074604
1009,123860,아나패스,032601
1010,008700,아남전자,032605
1011,058220,아리온,032604
1012,090430,아모레퍼시픽,032004
1013,002790,아모레퍼시픽그룹,116409
1014,052710,아모텍,032602
1015,074430,아미노로직스,074607
1016,092040,아미코젠,031007
1017,083930,아바코,032902
1018,149950,아바텍,032602
1019,090370,아비스타,031401
1020,036010,아비코전자,032604
1021,002030,아세아,116409
1022,183190,아세아시멘트,032303
1023,002310,아세아제지,031702
1024,050860,아세아텍,032902
1025,246720,아스타,032103
1026,067390,아스트,033103
1027,127710,아시아경제,106301
1028,020560,아시아나항공,085101
1029,154030,아시아종묘,010101
1030,083620,아시아퍼시픽15호,147601
1031,227610,아우딘퓨쳐스,032004
1032,143160,아이디스,032604
1033,054800,아이디스홀딩스,116409
1034,060570,아이리버,032605
1035,122900,아이마켓코리아,074608
1036,099190,아이센스,032701
1037,214430,아이쓰리시스템,032602
1038,040910,아이씨디,032902
1039,068940,아이씨케이,032602
1040,052860,아이앤씨,032601
1041,010780,아이에스동서,032302
1042,069920,아이에스이커머스,074709
1043,038880,아이에이,032602
1044,003560,아이에이치큐,105901
1045,079440,아이엔지생명,116501
1046,101390,아이엠,032602
1047,226350,아이엠텍,032602
1048,078860,아이오케이,105802
1049,114810,아이원스,032902
1050,023430,아이이,074607
1051,031310,아이즈비전,074709
1052,139050,아이지스시스템,106201
1053,185490,아이진,137001
1054,059100,아이컴포넌트,032602
1055,149010,아이케이세미콘,032601
1056,039570,아이콘트롤스,064203
1057,052460,아이크래프트,106201
1058,119830,아이텍반도체,137309
1059,124500,아이티센,106201
1060,033660,아주캐피탈,116409
1061,032080,아즈텍WB,031304
1062,013310,아진산업,033003
1063,059120,아진엑스텍,032601
1064,023890,아트라스BX,032802
1065,101140,아티스,074604
1066,067160,아프리카TV,105802
1067,001540,안국약품,032102
1068,053800,안랩,105802
1069,251280,안지오랩,137001
1070,065660,안트로젠,032101
1071,271400,알로이스,032604
1072,001780,알루코,032402
1073,002250,알보젠코리아,032102
1074,106080,알비케이이엠디,032602
1075,131370,알서포트,105802
1076,096610,알에프세미,032601
1077,061040,알에프텍,032604
1078,148250,알엔투테크놀로지,032602
1079,196170,알테오젠,137001
1080,123750,알톤스포츠,033109
1081,085810,알티캐스트,105802
1082,117670,알파홀딩스,032601
1083,007630,암니스,032604
1084,267810,앙츠,199501
1085,161000,애경유화,032001
1086,196300,애니젠,032101
1087,205500,액션스퀘어,105802
1088,052790,액토즈소프트,105802
1089,131400,액트,032602
1090,238090,앤디포스,032202
1091,030960,양지사,031801
1092,102120,어보브반도체,032601
1093,224810,엄지하우스,064204
1094,019990,에너토크,032901
1095,011090,에넥스,033201
1096,208890,에듀케이션파트너,168507
1097,025980,에머슨퍼시픽,189101
1098,041440,에버다임,032902
1099,270660,에브리봇,032805
1100,038680,에스넷,106201
1101,217480,에스디생명공학,032004
1102,121890,에스디시스템,032602
1103,030270,에스마크,031301
1104,097780,에스맥,032604
1105,042110,에스씨디,032805
1106,065420,에스아이리소스,020501
1107,050320,에스아이티글로벌,074605
1108,270210,에스알바이오텍,032004
1109,103230,에스앤더블류,032901
1110,260970,에스앤디,031007
1111,900080,에스앤씨엔진그룹,116409
1112,101490,에스앤에스텍,032602
1113,095910,에스에너지,032801
1114,031330,에스에이엠티,074605
1115,060540,에스에이티,032702
1116,158300,에스에이티이엔지,032902
1117,112240,에스에프씨,032202
1118,056190,에스에프에이,032902
1119,080000,에스엔유,032902
1120,160600,에스엔텍,032902
1121,086460,에스엔피제네틱스,137001
1122,005850,에스엘,033003
1123,246250,에스엘에스,137209
1124,041510,에스엠,105902
1125,252940,에스엠로보틱스,033304
1126,007820,에스엠코어,032901
1127,251540,에스와이제이,031401
1128,109610,에스와이패널,032501
1129,012750,에스원,147503
1130,123700,에스제이엠,033003
1131,025530,에스제이엠홀딩스,116409
1132,080440,에스제이케이,033003
1133,224020,에스케이씨에스,032202
1134,096630,에스코넥,032604
1135,069510,에스텍,032605
1136,041910,에스텍파마,032102
1137,039440,에스티아이,032902
1138,098660,에스티오,031401
1139,052020,에스티큐브,032602
1140,237690,에스티팜,032102
1141,050760,에스폴리텍,032202
1142,058610,에스피지,032801
1143,043340,에쎈테크,032901
1144,023960,에쓰씨엔지니어링,064102
1145,054630,에이디칩스,074605
1146,200710,에이디테크놀로지,032601
1147,140910,에이리츠,126801
1148,078520,에이블씨엔씨,032004
1149,203400,에이비온,137001
1150,003800,에이스침대,033201
1151,088800,에이스테크,032604
1152,138360,에이씨티,032004
1153,015260,에이엔피,032602
1154,234070,에이원알폼,147603
1155,035290,에이원앤,105801
1156,072990,에이치시티,137209
1157,044990,에이치엔에스하이텍,032602
1158,176440,에이치엔티,032602
1159,028300,에이치엘비,033101
1160,067630,에이치엘비생명과학,137201
1161,043220,에이치엘비파워,074608
1162,239610,에이치엘사이언스,031007
1163,226340,에이치엠씨3호스팩,116601
1164,044780,에이치케이,032902
1165,071670,에이테크솔루션,032902
1166,045660,에이텍,032603
1167,224110,에이텍티앤,032604
1168,021080,에이티넘인베스트,116402
1169,089530,에이티세미콘,032601
1170,182400,에이티젠,032101
1171,073570,에이티테크놀러지,032902
1172,109960,에이프로젠 H&G,032604
1173,003060,에이프로젠제약,032102
1174,043580,에임하이,032602
1175,214870,에치디프로,032604
1176,230360,에코마케팅,137103
1177,038870,에코바이오,064202
1178,086520,에코프로,032004
1179,038110,에코플라스틱,033003
1180,073540,에프알텍,032604
1181,064850,에프앤가이드,116601
1182,064090,에프앤리퍼블릭,032604
1183,036810,에프에스티,032602
1184,063440,에프엔씨애드컬쳐,031802
1185,173940,에프엔씨엔터,105902
1186,083500,에프엔에스테크,032902
1187,065160,에프티이앤이,032005
1188,054940,엑사이엔씨,064204
1189,950130,엑세스바이오,032103
1190,205100,엑셈,105802
1191,092870,엑시콘,032902
1192,067570,엔브이에이치코리아,033003
1193,036570,엔씨소프트,105802
1194,054340,엔알케이,032604
1195,217820,엔에스,032902
1196,095300,엔에스브이,032901
1197,138250,엔에스쇼핑,074709
1198,031860,엔에스엔,074608
1199,224760,엔에스컴퍼니,064102
1200,207720,엔에이치SL스팩,116601
1201,256630,엔에이치스팩10호,116601
1202,256840,엔에이치스팩11호,116601
1203,217810,엔에이치스팩7호,116601
1204,218410,엔에이치스팩8호,116601
1205,208860,엔지스테크널러지,105802
1206,183490,엔지켐생명과학,032101
1207,085310,엔케이,032501
1208,009810,엔케이물산,074607
1209,206400,엔터메이트,105802
1210,069410,엔텔스,105802
1211,004250,엔피씨,032202
1212,048830,엔피케이,032002
1213,096870,엘디티,032601
1214,061970,엘비세미콘,032601
1215,138690,엘아이에스,032902
1216,066970,엘앤에프,032802
1217,156100,엘앤케이바이오,032701
1218,073110,엘엠에스,032703
1219,083310,엘오티베큠,032902
1220,037950,엘컴텍,032602
1221,170920,엘티씨,032001
1222,183350,엘피케이,032902
1223,058630,엠게임,105802
1224,058970,엠로,105802
1225,019590,엠벤처투자,116402
1226,097520,엠씨넥스,032605
1227,225860,엠앤씨생명과학,032004
1228,009780,엠에스씨,031007
1229,123040,엠에스오토텍,033003
1230,251960,엠에프엠코리아,031403
1231,032790,엠젠플러스,074605
1232,180400,엠지메드,137209
1233,033160,엠케이전자,032602
1234,069640,엠케이트렌드,074704
1235,115960,연우,032202
1236,090740,연이정보통신,032602
1237,014440,영보화학,032202
1238,007530,영신금속,032509
1239,143540,영우디에스피,032902
1240,111770,영원무역,074608
1241,009970,영원무역홀딩스,116409
1242,036180,영인프런티어,074605
1243,003520,영진약품,032102
1244,000670,영풍,032402
1245,036560,영풍정밀,032901
1246,006740,영풍제지,031702
1247,242850,영현무역,074601
1248,012280,영화금속,033003
1249,012160,영흥철강,032401
1250,036000,예림당,105801
1251,053280,예스24,074709
1252,015360,예스코,043502
1253,122640,예스티,032902
1254,179720,옐로페이,105802
1255,900300,오가닉티코스메틱,116409
1256,045060,오공,032004
1257,080520,오디텍,032601
1258,007310,오뚜기,031007
1259,039830,오로라,137302
1260,046120,오르비텍,137209
1261,014940,오리엔탈정공,033101
1262,002630,오리엔트바이오,032102
1263,065500,오리엔트정공,033003
1264,271560,오리온,031007
1265,001800,오리온홀딩스,031007
1266,010470,오리콤,137103
1267,227420,오백볼트,137105
1268,053980,오상자이엘,106201
1269,052420,오성엘에스티,032202
1270,241790,오션브릿지,032004
1271,039200,오스코텍,032102
1272,226400,오스테오닉,032701
1273,031510,오스템,033003
1274,048260,오스템임플란트,032701
1275,138080,오이솔루션,032604
1276,080580,오킨스전자,032602
1277,067170,오텍,116409
1278,173130,오파스넷,106201
1279,049480,오픈베이스,106201
1280,196450,온다 엔터테인먼트,032703
1281,057540,옴니시스템,032702
1282,057680,옴니텔,105802
1283,123010,옵토팩,032602
1284,082210,옵트론텍,032703
1285,109080,옵티시스,032604
1286,052770,와이디온라인,105802
1287,010600,와이비로드,074601
1288,057030,와이비엠넷,168507
1289,122990,와이솔,032602
1290,232140,와이아이케이,032902
1291,067900,와이엔텍,053802
1292,155650,와이엠씨,032602
1293,251370,와이엠티,032001
1294,066430,와이오엠,074607
1295,193250,와이제이엠게임즈,032602
1296,019210,와이지-원,032509
1297,122870,와이지엔터테인먼트,105902
1298,079000,와토스코리아,032202
1299,900180,완리,116409
1300,070960,용평리조트,095501
1301,114630,우노앤컴퍼니,032005
1302,032820,우리기술,032801
1303,041190,우리기술투자,116409
1304,115440,우리넷,032604
1305,004720,우리들제약,032102
1306,118000,우리들휴브레인,074605
1307,046970,우리로,032604
1308,215360,우리산업,033003
1309,072470,우리산업홀딩스,116409
1310,073560,우리손에프앤지,010102
1311,000030,우리은행,116401
1312,153490,우리이앤엘,032601
1313,082850,우리이티아이,032804
1314,037400,우리조명,032804
1315,010050,우리종금,116409
1316,101170,우림기계,032901
1317,006980,우성사료,031006
1318,194610,우성아이비,033309
1319,066590,우수AMS,033003
1320,017370,우신시스템,032902
1321,046940,우원개발,064201
1322,215380,우정비에스씨,137001
1323,065680,우주일렉트로,032602
1324,105840,우진,032702
1325,018620,우진비앤지,032102
1326,049800,우진플라임,032902
1327,016880,웅진,116409
1328,095720,웅진씽크빅,168501
1329,103130,웅진에너지,032601
1330,005820,원림,031303
1331,032940,원익,074605
1332,240810,원익IPS,032902
1333,074600,원익QnC,032301
1334,104830,원익머트리얼즈,032001
1335,014190,원익큐브,074607
1336,030530,원익홀딩스,116409
1337,012620,원일특강,032401
1338,216280,원텍,032701
1339,008370,원풍,032202
1340,008290,원풍물산,031401
1341,101160,월덱스,032602
1342,095270,웨이브일렉트로,032604
1343,065950,웰크론,031302
1344,114190,웰크론강원,032501
1345,076080,웰크론한텍,032902
1346,196700,웹스,032002
1347,069080,웹젠,105802
1348,039790,위노바,032004
1349,044340,위닉스,032805
1350,112040,위메이드,105802
1351,140660,위월드,032604
1352,038620,위즈코프,074707
1353,036090,위지트,032902
1354,136540,윈스,106201
1355,097800,윈팩,032601
1356,192390,윈하이텍,032501
1357,008600,윌비스,074604
1358,033270,유나이티드,032102
1359,044480,유니더스,032201
1360,014830,유니드,032001
1361,036200,유니셈,032902
1362,018000,유니슨,032901
1363,000910,유니온,032303
1364,203450,유니온커뮤니티,032604
1365,011330,유니켐,031501
1366,077500,유니퀘스트,074605
1367,011320,유니크,033003
1368,086390,유니테스트,032902
1369,241690,유니테크노,033003
1370,142210,유니트론텍,074605
1371,121060,유니포인트,106201
1372,091270,유디피,105802
1373,048430,유라테크,032801
1374,206650,유바이오로직스,137001
1375,089850,유비벨록스,105802
1376,084440,유비온,106309
1377,032620,유비케어,105802
1378,264450,유비쿼스,032604
1379,078070,유비쿼스홀딩스,116409
1380,002920,유성기업,033003
1381,024800,유성티엔에스,084902
1382,000700,유수홀딩스,137105
1383,054930,유신,137201
1384,252370,유쎌,032004
1385,069330,유아이디,032602
1386,049520,유아이엘,032602
1387,204620,유안타제1호스팩,116601
1388,219960,유안타제2호스팩,116601
1389,003470,유안타증권,116601
1390,056090,유앤아이,032701
1391,011690,유양디앤유,032601
1392,072130,유엔젤,106301
1393,000220,유유제약,032102
1394,195990,유지인트,032902
1395,023410,유진기업,032303
1396,056080,유진로봇,032902
1397,221200,유진스팩3호,116601
1398,215090,유진에이씨피씨스팩2호,116601
1399,001200,유진증권,116601
1400,084370,유진테크,032902
1401,178780,유테크,032602
1402,221800,유투바이오,137209
1403,000100,유한양행,032102
1404,003460,유화증권,116601
1405,191410,육일씨엔에쓰,032602
1406,008730,율촌화학,032202
1407,044960,이-글 벳,074607
1408,008250,이건산업,031602
1409,039020,이건홀딩스,116409
1410,025820,이구산업,032402
1411,060230,이그잭스,032602
1412,067920,이글루시큐리티,105802
1413,214320,이노션,137103
1414,073490,이노와이어리스,032604
1415,215790,이노인스트루먼트,032604
1416,088390,이녹스,032602
1417,272290,이녹스첨단소재,032602
1418,053350,이니텍,105802
1419,033110,이디,032702
1420,041520,이라이콤,032602
1421,054210,이랜텍,032602
1422,065440,이루온,105802
1423,139480,이마트,074701
1424,036260,이매진아시아,105901
1425,115610,이미지스,032601
1426,225440,이베스트스팩3호,116409
1427,078020,이베스트투자증권,116601
1428,208850,이비테크,032809
1429,080010,이상네트웍스,074601
1430,086890,이수앱지스,032103
1431,007660,이수페타시스,032602
1432,005950,이수화학,032001
1433,015020,이스타코,126801
1434,047560,이스트소프트,105802
1435,900110,이스트아시아홀딩스,116409
1436,067010,이씨에스,106201
1437,093230,이아이디,074607
1438,223310,이에스브이,105802
1439,241510,이에스산업,032901
1440,052190,이에스에이,189001
1441,101360,이엔드디,032004
1442,074610,이엔쓰리,032901
1443,102710,이엔에프테크놀로지,032004
1444,094190,이엘케이,032602
1445,063760,이엘피,032702
1446,123570,이엠넷,137103
1447,095190,이엠코리아,032902
1448,091120,이엠텍,032602
1449,232530,이엠티,032802
1450,102460,이연제약,032102
1451,039030,이오테크닉스,032902
1452,088290,이원컴포텍,033003
1453,084680,이월드,189102
1454,033600,이젠텍,033003
1455,181340,이즈미디어,032702
1456,035810,이지바이오,031008
1457,090850,이지웰페어,105802
1458,092130,이크레더블,106309
1459,016250,이테크건설,064101
1460,096040,이트론,032603
1461,134060,이퓨쳐,105801
1462,001840,이화공영,064101
1463,000760,이화산업,074607
1464,024810,이화전기,032801
1465,014990,인디에프,031401
1466,041830,인바디,032701
1467,079950,인베니아,032902
1468,062580,인산가,031007
1469,060150,인선이엔티,053802
1470,033230,인성정보,106201
1471,006490,인스코비,106102
1472,037330,인지디스플레,032602
1473,023800,인지컨트롤스,033003
1474,034590,인천도시가스,043502
1475,211050,인카금융서비스,116602
1476,083640,인콘,032604
1477,216050,인크로스,137103
1478,049070,인탑스,032604
1479,119610,인터로조,032703
1480,158310,인터불스,032902
1481,017250,인터엠,032605
1482,129260,인터지스,084903
1483,240340,인터코스,032004
1484,108790,인터파크,074709
1485,035080,인터파크홀딩스,116409
1486,051370,인터플렉스,032602
1487,064290,인텍플러스,032902
1488,189300,인텔리안테크,032604
1489,150840,인트로메딕,032701
1490,048530,인트론바이오,032101
1491,023810,인팩,033003
1492,175140,인포마크,032604
1493,115310,인포바인,106102
1494,039290,인포뱅크,106309
1495,041020,인프라웨어,105802
1496,247300,인프라웨어테크놀러지,105802
1497,071200,인피니트헬스케어,105802
1498,101930,인화정공,033101
1499,078940,일경산업개발,064203
1500,249420,일동제약,032102
1501,000230,일동홀딩스,116409
1502,013360,일성건설,064102
1503,003120,일성신약,032102
1504,068330,일신바이오,032901
1505,003200,일신방직,031301
1506,007110,일신석재,074606
1507,058450,일야,032604
1508,007570,일양약품,032102
1509,008500,일정실업,031303
1510,019540,일지테크,033003
1511,081000,일진다이아,032004
1512,020760,일진디스플,032601
1513,020150,일진머티리얼즈,032602
1514,103590,일진전기,032803
1515,094820,일진파워,064203
1516,015860,일진홀딩스,116409
1517,226320,잇츠한불,074604
1518,950140,잉글우드랩,116409
1519,049550,잉크테크,032004
1520,230400,자비스,032701
1521,043910,자연과환경,053901
1522,234920,자이글,032805
1523,033240,자화전자,032602
1524,174880,장원테크,032604
1525,049630,재영솔루텍,032703
1526,000950,전방,031301
1527,120780,전우정밀,033003
1528,065530,전파기지국,106102
1529,208140,정다운,031001
1530,022220,정산애강,032202
1531,040420,정상제이엘에스,168505
1532,045510,정원엔시스,106201
1533,065620,제낙스,032401
1534,217190,제너셈,032902
1535,095700,제넥신,137001
1536,066830,제노텍,032101
1537,187420,제노포커스,032101
1538,225220,제놀루션,032102
1539,123330,제닉,032004
1540,159580,제로투세븐,074604
1541,147830,제룡산업,032501
1542,033100,제룡전기,032801
1543,019570,제미니투자,116402
1544,079370,제우스,032902
1545,054950,제이브이엠,032901
1546,096690,제이스테판,032603
1547,090470,제이스텍,032902
1548,137950,제이씨케미칼,032004
1549,033320,제이씨현시스템,074605
1550,194370,제이에스코퍼레이션,031501
1551,026040,제이에스티나,033301
1552,250300,제이에스피브이,032809
1553,126880,제이엔케이히터,032901
1554,033050,제이엠아이,031802
1555,094970,제이엠티,032602
1556,058420,제이웨이,105901
1557,025620,제이준코스메틱,032004
1558,036420,제이콘텐트리,116409
1559,089790,제이티,032902
1560,030000,제일기획,137103
1561,052670,제일바이오,032102
1562,271980,제일약품,032102
1563,001560,제일연마,032309
1564,023440,제일제강,032401
1565,038010,제일테크노스,032501
1566,002620,제일파마홀딩스,137105
1567,003380,제일홀딩스,116409
1568,080220,제주반도체,032601
1569,006220,제주은행,116401
1570,089590,제주항공,085101
1571,229000,젠큐릭스,032701
1572,082270,젬백스,032902
1573,041590,젬백스테크놀러지,032602
1574,044060,조광ILI,032901
1575,004910,조광페인트,032004
1576,004700,조광피혁,031501
1577,001550,조비,032003
1578,000480,조선내화,032302
1579,120030,조선선재,032509
1580,034940,조아제약,032102
1581,101730,조이맥스,105802
1582,067000,조이시티,105802
1583,018470,조일알미늄,032402
1584,002600,조흥,031007
1585,185750,종근당,032102
1586,063160,종근당바이오,032102
1587,001630,종근당홀딩스,116409
1588,033340,좋은사람들,031401
1589,221670,주노콜렉션,031501
1590,036930,주성엔지니어링,032902
1591,044380,주연테크,032603
1592,229480,줌인터넷,106301
1593,900050,중국원양자원,116409
1594,072020,중앙백신,032101
1595,000440,중앙에너비스,074607
1596,054180,중앙오션,033101
1597,228760,지노믹트리,137001
1598,043610,지니뮤직,106301
1599,155960,지디,032602
1600,208350,지란지교시큐리티,105802
1601,138290,지성이씨에스,064201
1602,114570,지스마트글로벌,032601
1603,051160,지어소프트,105802
1604,053050,지에스이,043502
1605,119850,지엔씨에너지,032801
1606,065060,지엔코,031401
1607,204840,지엘팜텍,137001
1608,013870,지엠비코리아,033003
1609,018290,지엠피,032603
1610,071320,지역난방공사,043503
1611,135160,지오씨,032803
1612,010580,지코,033003
1613,035000,지투알,137105
1614,115450,지트리비앤티,032602
1615,219750,지티지웰니스,032701
1616,088790,진도,074607
1617,018120,진로발효,031101
1618,109820,진매트릭스,137001
1619,086060,진바이오텍,031008
1620,036890,진성티이씨,032902
1621,003780,진양산업,032202
1622,007370,진양제약,032102
1623,010640,진양폴리우레탄,032001
1624,100250,진양홀딩스,116409
1625,051630,진양화학,032202
1626,011000,진원생명과학,032102
1627,002780,진흥기업,064102
1628,085660,차바이오텍,032101
1629,900040,차이나그레이트,116409
1630,900090,차이나하오란,116409
1631,009310,참엔지니어링,032902
1632,094850,참좋은레져,147502
1633,004650,창해에탄올,031101
1634,111820,처음앤씨,106309
1635,000650,천일고속,084902
1636,140290,청광종건,064102
1637,096240,청담러닝,168505
1638,013720,청보산업,033003
1639,012600,청호컴넷,032901
1640,033250,체시스,033003
1641,047820,초록뱀,105901
1642,094360,칩스앤미디어,105802
1643,016920,카스,074605
1644,220250,카이노스메드,137001
1645,035720,카카오,106301
1646,026260,카테아,074608
1647,006380,카프로,032001
1648,260490,캐로스,032901
1649,071850,캐스텍코리아,033003
1650,050110,캠시스,032602
1651,078340,컴투스,105802
1652,205290,케미메디,137001
1653,214370,케어젠,032101
1654,221980,케이디켐,032004
1655,043290,케이맥,032902
1656,221950,케이비드림3호스팩,116601
1657,226360,케이비드림4호스팩,116601
1658,250930,케이비제10호스팩,116601
1659,258790,케이비제11호스팩,116601
1660,222390,케이비제8호스팩,116601
1661,232270,케이비제9호스팩,116601
1662,192250,케이사인,105802
1663,002380,케이씨씨,032004
1664,115500,케이씨에스,106201
1665,029460,케이씨텍,032702
1666,089150,케이씨티,106201
1667,009070,케이씨티시,084903
1668,025880,케이씨피드,031008
1669,093320,케이아이엔엑스,106301
1670,073010,케이에스피,032901
1671,105330,케이엔더블유,032202
1672,039420,케이엘넷,106102
1673,083550,케이엠,031309
1674,032500,케이엠더블유,032604
1675,237720,케이엠제약,032004
1676,145270,케이탑리츠,126801
1677,030200,케이티,106102
1678,214150,케이티비스팩2호,116601
1679,058860,케이티스,106309
1680,053210,케이티스카이라이프,106002
1681,033780,케이티앤지,031201
1682,064820,케이프,033101
1683,220260,케이프이에스스팩,116601
1684,256940,케이피에스,032902
1685,024880,케이피에프,032509
1686,042040,케이피엠테크,032004
1687,054410,케이피티,032509
1688,217600,켐온,137001
1689,089010,켐트로닉스,032004
1690,052400,코나아이,105802
1691,094860,코닉글로리,105802
1692,046070,코다코,033003
1693,047770,코데즈컴바인,031401
1694,080530,코디,032004
1695,224060,코디엠,032902
1696,900140,코라오홀딩스,116409
1697,078650,코렌,032703
1698,104540,코렌텍,032701
1699,033430,코리드,074607
1700,027050,코리아나,032004
1701,007810,코리아써키트,032602
1702,101670,코리아에스이,032501
1703,123410,코리아에프티,033003
1704,152330,코리아오토글라스,032301
1705,003690,코리안리,116502
1706,036690,코맥스,032604
1707,049430,코메론,032702
1708,183300,코미코,032902
1709,041960,코미팜,032102
1710,009730,코센,032401
1711,189350,코셋,032604
1712,192820,코스맥스,032004
1713,044820,코스맥스비티아이,116409
1714,241710,코스메카코리아,032004
1715,005070,코스모신소재,032004
1716,005420,코스모화학,032004
1717,069110,코스온,032004
1718,048870,코아로직,032601
1719,071950,코아스,033201
1720,166480,코아스템,032102
1721,045970,코아시아홀딩스,116409
1722,029960,코엔텍,053802
1723,002020,코오롱,116409
1724,003070,코오롱글로벌,064102
1725,144620,코오롱머티리얼,032005
1726,102940,코오롱생명과학,032101
1727,120110,코오롱인더,032005
1728,138490,코오롱플라스틱,032002
1729,021240,코웨이,199609
1730,033290,코웰패션,031404
1731,056360,코위버,032604
1732,121850,코이즈,032202
1733,015710,코콤,032604
1734,052330,코텍,032605
1735,126600,코프라,032002
1736,200130,콜마비앤에이치,032101
1737,031820,콤텍시스템,106201
1738,225650,쿠첸,032805
1739,192400,쿠쿠전자,032805
1740,060280,큐렉소,074708
1741,040350,큐로컴,106201
1742,051780,큐로홀딩스,074603
1743,115180,큐리언트,137001
1744,065560,큐브스,074607
1745,182360,큐브엔터,105902
1746,066310,큐에스아이,032601
1747,136660,큐엠씨,032902
1748,016600,큐캐피탈,116409
1749,264900,크라운제과,031007
1750,005740,크라운해태홀딩스,116409
1751,058530,크레아플래닛,032902
1752,215570,크로넥스,137001
1753,043590,크로바하이텍,032601
1754,114120,크루셜텍,032602
1755,083790,크리스탈,137001
1756,900250,크리스탈신소재,116409
1757,045520,크린앤사이언스,031701
1758,237880,클리오,032004
1759,218710,키움스팩3호,116601
1760,226850,키움스팩4호,116601
1761,039490,키움증권,116601
1762,012170,키위미디어그룹,074607
1763,054780,키이스트,105901
1764,219130,타이거일렉,032602
1765,065130,탑엔지니어링,032902
1766,015890,태경산업,032001
1767,006890,태경화학,032001
1768,023160,태광,032401
1769,003240,태광산업,032005
1770,011280,태림포장,031702
1771,053620,태양,032509
1772,004100,태양금속공업,033003
1773,116100,태양기계,033003
1774,072520,태양씨앤엘,032602
1775,009410,태영건설,064102
1776,044490,태웅,032509
1777,001420,태원물산,033003
1778,007980,태평양물산,031401
1779,191420,테고사이언스,032101
1780,123100,테라세미콘,032902
1781,182690,테라셈,032601
1782,066700,테라젠이텍스,032102
1783,095610,테스,032902
1784,131970,테스나,137309
1785,089030,테크윙,032902
1786,038540,텍셀네트컴,116409
1787,054450,텔레칩스,032601
1788,091440,텔레필드,032604
1789,078000,텔코웨어,106301
1790,200230,텔콘,032604
1791,214420,토니모리,032004
1792,215480,토박스코리아,074704
1793,051360,토비스,032605
1794,045340,토탈소프트,105802
1795,057880,토필드,032605
1796,108230,톱텍,032902
1797,079970,투비소프트,105802
1798,066410,투윈글로벌,105901
1799,199800,툴젠,137001
1800,140890,트러스제7호,126801
1801,052290,트레이스,032602
1802,105550,트루윈,032602
1803,026150,특수건설,064102
1804,033830,티비씨,106002
1805,084870,티비에이치글로벌,031401
1806,228180,티씨엠생명과학,137001
1807,064760,티씨케이,032309
1808,131290,티에스이,032702
1809,246690,티에스인베스트먼트,116402
1810,019180,티에이치엔,032809
1811,062860,티엘아이,032601
1812,004870,티웨이홀딩스,032601
1813,191600,티케이씨,032602
1814,104480,티케이케미칼,032005
1815,081150,티플랙스,032509
1816,130740,티피씨글로벌,033003
1817,217880,틸론,105802
1818,134790,팀스,033201
1819,084730,팅크웨어,032604
1820,046210,파나진,032103
1821,034230,파라다이스,189102
1822,033540,파라텍,032902
1823,043200,파루,032801
1824,214450,파마리서치프로덕트,074604
1825,005690,파미셀,032101
1826,177830,파버나인,032602
1827,037070,파세코,032805
1828,150900,파수닷컴,105802
1829,047310,파워로직스,032801
1830,170790,파이오링크,032604
1831,049120,파인디앤씨,032602
1832,038950,파인디지털,032604
1833,106240,파인테크닉스,032604
1834,131760,파인텍,032602
1835,140860,파크시스템스,032702
1836,091700,파트론,032602
1837,194510,파티게임즈,105802
1838,038160,팍스넷,106309
1839,202960,판도라티비,105802
1840,032800,판타지오,189001
1841,043090,팜스웰바이오,074607
1842,036580,팜스코,031006
1843,027710,팜스토리,031008
1844,256090,패션플랫폼,031401
1845,054300,팬스타엔터프라이즈,032901
1846,068050,팬엔터테인먼트,105901
1847,028670,팬오션,085001
1848,222110,팬젠,032102
1849,010820,퍼스텍,032502
1850,016800,퍼시스,033201
1851,060900,퍼시픽바이오,031902
1852,001020,페이퍼코리아,031701
1853,087010,펩트론,032101
1854,090080,평화산업,033003
1855,043370,평화정공,033003
1856,010770,평화홀딩스,116409
1857,119500,포메탈,032509
1858,016670,포비스티앤씨,074607
1859,056730,포스링크,074607
1860,005490,포스코,032401
1861,022100,포스코 ICT,137201
1862,058430,포스코강판,032401
1863,047050,포스코대우,074601
1864,009520,포스코엠텍,032401
1865,003670,포스코켐텍,032303
1866,189690,포시에스,105802
1867,141020,포티스,074709
1868,039230,폭스브레인,032702
1869,005670,푸드웰,031003
1870,094940,푸른기술,032603
1871,007330,푸른저축은행,116401
1872,017810,풀무원,116409
1873,093380,풍강,032509
1874,023900,풍국주정,031101
1875,103140,풍산,032402
1876,005810,풍산홀딩스,116409
1877,195440,퓨전데이타,105802
1878,214270,퓨쳐스트림네트웍스,105802
1879,220100,퓨쳐켐,032102
1880,035200,프럼파스트,032202
1881,203690,프로스테믹스,032101
1882,053610,프로텍,032902
1883,053160,프리엠스,032801
1884,075130,플랜티넷,106201
1885,222670,플럼라인생명과학,137001
1886,023770,플레이위드,105802
1887,266870,플렉스파워에이더블유에스,074604
1888,150440,피노텍,105802
1889,032580,피델릭스,032601
1890,258250,피시피아비아이티,105802
1891,051380,피씨디렉트,074605
1892,241820,피씨엘,032103
1893,237750,피앤씨테크,032801
1894,131390,피앤이솔루션,032801
1895,024850,피에스엠씨,032602
1896,031980,피에스케이,032902
1897,002230,피에스텍,032702
1898,242350,피엔아이시스템,105901
1899,239890,피엔에이치테크,032001
1900,137400,피엔티,032902
1901,144740,피엠디아카데미,168505
1902,128660,피제이메탈,032402
1903,006140,피제이전자,032701
1904,087600,픽셀플러스,032602
1905,033180,필룩스,032602
1906,064800,필링크,106201
1907,161580,필옵틱스,032902
1908,230240,하나금융7호SPAC,116601
1909,261200,하나금융9호스팩,116601
1910,086790,하나금융지주,116409
1911,099340,하나니켈1호,116402
1912,099350,하나니켈2호,116402
1913,067310,하나마이크론,032601
1914,208870,하나머스트3호스팩,116601
1915,215100,하나머스트4호스팩,116601
1916,218150,하나머스트5호스팩,116601
1917,166090,하나머티리얼즈,032601
1918,039130,하나투어,147502
1919,136480,하림,031001
1920,024660,하림홀딩스,116409
1921,233990,하우동천,032004
1922,172580,하이골드12호,147601
1923,153360,하이골드3호,147601
1924,159650,하이골드8호,147601
1925,149980,하이로닉,032701
1926,013030,하이록코리아,032401
1927,126700,하이비젼시스템,032703
1928,200470,하이셈,137309
1929,071090,하이스틸,032401
1930,235010,하이에이아이1호스팩,116601
1931,205470,하이제2호스팩,116601
1932,217500,하이제3호스팩,116601
1933,221840,하이즈항공,033103
1934,106190,하이텍팜,032101
1935,019490,하이트론씨스템즈,032605
1936,000080,하이트진로,031101
1937,000140,하이트진로홀딩스,116409
1938,066130,하츠,032805
1939,240540,한국4호스팩,116601
1940,152550,한국ANKOR유전,116402
1941,004590,한국가구,074604
1942,036460,한국가스공사,043502
1943,039340,한국경제TV,106002
1944,005430,한국공항,085209
1945,071050,한국금융지주,116409
1946,034950,한국기업평가,147509
1947,010040,한국내화,032302
1948,025540,한국단자공업,032801
1949,222980,한국맥널티,031007
1950,226610,한국비엔씨,032701
1951,004090,한국석유공업,032309
1952,025550,한국선재,032401
1953,002200,한국수출포장공업,031702
1954,002960,한국쉘석유,031902
1955,017890,한국알콜,032004
1956,002000,한국유리공업,032301
1957,123890,한국자산신탁,116402
1958,015760,한국전력공사,043501
1959,063570,한국전자금융,147509
1960,041460,한국전자인증,105802
1961,006200,한국전자홀딩스,116409
1962,101680,한국정밀기계,032902
1963,039740,한국정보공학,074607
1964,053300,한국정보인증,105802
1965,025770,한국정보통신,106102
1966,271740,한국제5호스팩,116601
1967,002300,한국제지,031701
1968,023350,한국종합기술,137201
1969,025890,한국주강,032902
1970,000970,한국주철관공업,032401
1971,104700,한국철강,032401
1972,017960,한국카본,032501
1973,023760,한국캐피탈,116409
1974,054040,한국컴퓨터,032602
1975,050540,한국코퍼레이션,147509
1976,161890,한국콜마,032004
1977,024720,한국콜마홀딩스,116409
1978,021650,한국큐빅,032202
1979,161390,한국타이어,032201
1980,000240,한국타이어월드와이드,116409
1981,053590,한국테크놀로지,032902
1982,034830,한국토지신탁,116402
1983,007280,한국특수형강,032401
1984,168490,한국패러랠,116402
1985,037230,한국팩키지,031702
1986,010100,한국프랜지공업,033003
1987,047810,한국항공우주,033103
1988,123690,한국화장품,074604
1989,003350,한국화장품제조,032004
1990,030520,한글과컴퓨터,105802
1991,052600,한네트,106102
1992,011500,한농화성,032004
1993,002390,한독,032102
1994,014790,한라,064102
1995,092460,한라IMS,033101
1996,060980,한라홀딩스,116409
1997,053690,한미글로벌,137201
1998,042700,한미반도체,032902
1999,008930,한미사이언스,116409
2000,128940,한미약품,032102
2001,047080,한빛소프트,105802
2002,009240,한샘,074604
2003,020000,한섬,031401
2004,003680,한성기업,031002
2005,105630,한세실업,031401
2006,016450,한세예스24홀딩스,116409
2007,081970,한솔넥스지,105802
2008,009180,한솔로지스틱스,085209
2009,070300,한솔시큐어,105802
2010,099660,한솔신텍,032501
2011,221610,한솔씨앤피,032004
2012,070590,한솔인티큐브,106201
2013,213500,한솔제지,031701
2014,014680,한솔케미칼,032001
2015,004710,한솔테크닉스,032602
2016,010420,한솔피엔에스,074607
2017,004150,한솔홀딩스,116409
2018,025750,한솔홈데코,031601
2019,042520,한스바이오메드,032103
2020,004960,한신공영,064101
2021,011700,한신기계공업,032901
2022,078350,한양디지텍,032601
2023,045100,한양이엔지,137201
2024,001750,한양증권,116601
2025,018880,한온시스템,032901
2026,009420,한올바이오파마,032102
2027,014130,한익스프레스,084903
2028,046110,한일네트웍스,106301
2029,024740,한일단조,033003
2030,005860,한일사료,031008
2031,003300,한일시멘트,032303
2032,123840,한일진공,032902
2033,002220,한일철강,032401
2034,007770,한일화학,032001
2035,051600,한전KPS,064203
2036,052690,한전기술,137201
2037,130660,한전산업,137201
2038,107640,한중엔시에스,033003
2039,002320,한진,084903
2040,097230,한진중공업,064102
2041,003480,한진중공업홀딩스,116409
2042,180640,한진칼,116409
2043,061460,한진피앤씨,032202
2044,005110,한창,074605
2045,079170,한창산업,032402
2046,009460,한창제지,031701
2047,054920,한컴시큐어,105802
2048,077280,한컴지엠디,105802
2049,002680,한탑,031006
2050,066110,한프,032603
2051,000880,한화,032004
2052,217620,한화ACPC스팩,116601
2053,027390,한화갤러리아타임월드,074701
2054,088350,한화생명,116501
2055,000370,한화손해보험,116501
2056,265920,한화수성스팩,116601
2057,219860,한화에이스스팩2호,116601
2058,264290,한화에이스스팩3호,116601
2059,009830,한화케미칼,032001
2060,012450,한화테크윈,033103
2061,003530,한화투자증권,116601
2062,102210,해덕파워웨이,033101
2063,220630,해마로푸드서비스,074603
2064,195870,해성디에스,032602
2065,034810,해성산업,126801
2066,076610,해성옵틱스,032703
2067,101530,해태제과식품,031007
2068,220180,핸디소프트,105802
2069,143210,핸즈코퍼레이션,033003
2070,008800,행남생활건강,032302
2071,900270,헝셩그룹,116409
2072,089470,현대EP,032004
2073,000720,현대건설,064102
2074,267270,현대건설기계,032901
2075,170030,현대공업,033003
2076,005440,현대그린푸드,074701
2077,086280,현대글로비스,085209
2078,267250,현대로보틱스,116409
2079,064350,현대로템,033102
2080,079430,현대리바트,033201
2081,012330,현대모비스,033003
2082,010620,현대미포조선,033101
2083,069960,현대백화점,074701
2084,004560,현대비앤지스틸,032401
2085,012630,현대산업개발,064101
2086,011200,현대상선,085001
2087,006390,현대시멘트,032303
2088,048410,현대아이비티,032603
2089,004310,현대약품,032102
2090,126560,현대에이치씨엔,106002
2091,017800,현대엘리베이터,032901
2092,011210,현대위아,033003
2093,267260,현대일렉트릭,032801
2094,005380,현대자동차,033001
2095,026180,현대정보기술,106201
2096,004020,현대제철,032401
2097,011760,현대종합상사,074608
2098,009540,현대중공업,033101
2099,001500,현대차투자증권,116601
2100,227840,현대코퍼레이션홀딩스,074603
2101,039010,현대통신,032604
2102,001450,현대해상,116501
2103,057050,현대홈쇼핑,074709
2104,204990,현성바이탈,031007
2105,092300,현우산업,032602
2106,053660,현진소재,032509
2107,011080,형지I&C,031401
2108,093240,형지엘리트,031401
2109,003010,혜인,074605
2110,111110,호전실업,031401
2111,008770,호텔신라,074708
2112,060560,홈센타홀딩스,116409
2113,064240,홈캐스트,032605
2114,039610,화성밸브,032901
2115,002460,화성산업,064101
2116,013520,화승알앤에이,033003
2117,241590,화승엔터프라이즈,116409
2118,006060,화승인더스트리,032202
2119,010690,화신,033003
2120,126640,화신정공,033003
2121,086250,화신테크,032902
2122,204630,화이브라더스코리아,189001
2123,133820,화인베스틸,032401
2124,061250,화일약품,032102
2125,134780,화진,033003
2126,010660,화천기계,032902
2127,000850,화천기공,032902
2128,016580,환인제약,032102
2129,032560,황금에스티,032402
2130,004800,효성,032005
2131,094280,효성 ITX,147509
2132,097870,효성오앤비,032003
2133,093370,후성,032001
2134,050090,휘닉스소재,032602
2135,081660,휠라코리아,074604
2136,005870,휴니드테크놀러지스,032604
2137,115160,휴맥스,032605
2138,028080,휴맥스홀딩스,116409
2139,200670,휴메딕스,032102
2140,212310,휴벡셀,032701
2141,079980,휴비스,032005
2142,065510,휴비츠,032701
2143,005010,휴스틸,032401
2144,243070,휴온스,032102
2145,084110,휴온스글로벌,116409
2146,145020,휴젤,032101
2147,069260,휴켐스,032004
2148,024060,흥구석유,074607
2149,010240,흥국,032902
2150,189980,흥국에프엔비,031102
2151,000540,흥국화재,116501
2152,003280,흥아해운,085001
2153,037440,희림,137201
2154,238490,힘스,032902